method           ,n ,graph_type ,graph_type ,p ,seed ,AR
MA_QAOA          ,8 ,['random'  ,0.5]       ,1 ,   0 ,0.897483363243015
MA_QAOA          ,8 ,['random'  ,0.5]       ,1 ,   1 ,0.9999999999918453
MA_QAOA          ,8 ,['random'  ,0.5]       ,1 ,   2 ,0.8749999999988448
MA_QAOA          ,8 ,['random'  ,0.5]       ,1 ,   3 ,0.899999999999114
MA_QAOA          ,8 ,['random'  ,0.5]       ,1 ,   4 ,0.9999999999971955
MA_QAOA          ,8 ,['random'  ,0.5]       ,1 ,   5 ,0.899999999997535
MA_QAOA          ,8 ,['random'  ,0.5]       ,1 ,   6 ,0.9444444444372279
MA_QAOA          ,8 ,['random'  ,0.5]       ,1 ,   7 ,0.8571428571407532
MA_QAOA          ,8 ,['random'  ,0.5]       ,1 ,   8 ,0.892857142852686
MA_QAOA          ,8 ,['random'  ,0.5]       ,1 ,   9 ,0.9090909090825136
MA_QAOA          ,8 ,['random'  ,0.5]       ,1 ,  10 ,0.8888888888867371
MA_QAOA          ,8 ,['random'  ,0.5]       ,1 ,  11 ,0.9090909090851705
MA_QAOA          ,8 ,['random'  ,0.5]       ,1 ,  12 ,0.9545454545446421
MA_QAOA          ,8 ,['random'  ,0.5]       ,1 ,  13 ,0.907735026914161
MA_QAOA          ,8 ,['random'  ,0.5]       ,1 ,  14 ,0.9545454545436737
MA_QAOA          ,8 ,['random'  ,0.5]       ,1 ,  15 ,0.9999999999959609
MA_QAOA          ,8 ,['random'  ,0.5]       ,1 ,  16 ,0.8928571428560552
MA_QAOA          ,8 ,['random'  ,0.5]       ,1 ,  17 ,0.9374999999951561
MA_QAOA          ,8 ,['random'  ,0.5]       ,1 ,  18 ,0.9166666666663573
MA_QAOA          ,8 ,['random'  ,0.5]       ,1 ,  19 ,0.9166666666509026
MA_QAOA          ,8 ,['random'  ,0.5]       ,1 ,  20 ,0.9999999999946562
MA_QAOA          ,8 ,['random'  ,0.5]       ,1 ,  21 ,0.9161227517436992
MA_QAOA          ,8 ,['random'  ,0.5]       ,1 ,  22 ,0.8419278076856587
MA_QAOA          ,8 ,['random'  ,0.5]       ,1 ,  23 ,0.9999999999953705
MA_QAOA          ,8 ,['random'  ,0.5]       ,1 ,  24 ,0.8999999999962032
MA_QAOA          ,8 ,['random'  ,0.5]       ,1 ,  25 ,0.9530389187971038
MA_QAOA          ,8 ,['random'  ,0.5]       ,1 ,  26 ,0.8333333333323998
MA_QAOA          ,8 ,['random'  ,0.5]       ,1 ,  27 ,0.944444444439382
MA_QAOA          ,8 ,['random'  ,0.5]       ,1 ,  28 ,0.9615384615354904
MA_QAOA          ,8 ,['random'  ,0.5]       ,1 ,  29 ,0.9231125224260791
MA_QAOA          ,8 ,['random'  ,0.5]       ,1 ,  30 ,0.8888888888874907
MA_QAOA          ,8 ,['random'  ,0.5]       ,1 ,  31 ,0.8928571428536204
MA_QAOA          ,8 ,['random'  ,0.5]       ,1 ,  32 ,0.9166666666652398
MA_QAOA          ,8 ,['random'  ,0.5]       ,1 ,  33 ,0.9999999999927057
MA_QAOA          ,8 ,['random'  ,0.5]       ,1 ,  34 ,0.9999999999950229
MA_QAOA          ,8 ,['random'  ,0.5]       ,1 ,  35 ,0.9999999999999313
MA_QAOA          ,8 ,['random'  ,0.5]       ,1 ,  36 ,0.8333333333316308
MA_QAOA          ,8 ,['random'  ,0.5]       ,1 ,  37 ,0.8419278076874208
MA_QAOA          ,8 ,['random'  ,0.5]       ,1 ,  38 ,0.8706682062828814
MA_QAOA          ,8 ,['random'  ,0.5]       ,1 ,  39 ,0.99999999999907
MA_QAOA          ,8 ,['random'  ,0.5]       ,1 ,  40 ,0.9499999999954432
MA_QAOA          ,8 ,['random'  ,0.5]       ,1 ,  41 ,0.9444444444416433
MA_QAOA          ,8 ,['random'  ,0.5]       ,1 ,  42 ,0.884615384613838
MA_QAOA          ,8 ,['random'  ,0.5]       ,1 ,  43 ,0.9545454545446361
MA_QAOA          ,8 ,['random'  ,0.5]       ,1 ,  44 ,0.9615384615359646
MA_QAOA          ,8 ,['random'  ,0.5]       ,1 ,  45 ,0.9230769230755543
MA_QAOA          ,8 ,['random'  ,0.5]       ,1 ,  46 ,0.9077350269158142
MA_QAOA          ,8 ,['random'  ,0.5]       ,1 ,  47 ,0.9583333333306266
MA_QAOA          ,8 ,['random'  ,0.5]       ,1 ,  48 ,0.9166666666653627
MA_QAOA          ,8 ,['random'  ,0.5]       ,1 ,  49 ,0.9499999999991686
MA_QAOA          ,8 ,['random'  ,0.5]       ,1 ,  50 ,0.9077350269158255
MA_QAOA          ,8 ,['random'  ,0.5]       ,1 ,  51 ,0.8499999999979261
MA_QAOA          ,8 ,['random'  ,0.5]       ,1 ,  52 ,0.9999999999976028
MA_QAOA          ,8 ,['random'  ,0.5]       ,1 ,  53 ,0.8999999999971076
MA_QAOA          ,8 ,['random'  ,0.5]       ,1 ,  54 ,0.8181818181789751
MA_QAOA          ,8 ,['random'  ,0.5]       ,1 ,  55 ,0.9444444444428739
MA_QAOA          ,8 ,['random'  ,0.5]       ,1 ,  56 ,0.9499999999916504
MA_QAOA          ,8 ,['random'  ,0.5]       ,1 ,  57 ,0.857142857136113
MA_QAOA          ,8 ,['random'  ,0.5]       ,1 ,  58 ,0.9166666666662374
MA_QAOA          ,8 ,['random'  ,0.5]       ,1 ,  59 ,0.8846687836478391
MA_QAOA          ,8 ,['random'  ,0.5]       ,1 ,  60 ,0.8999999999979055
MA_QAOA          ,8 ,['random'  ,0.5]       ,1 ,  61 ,0.9166666666632471
MA_QAOA          ,8 ,['random'  ,0.5]       ,1 ,  62 ,0.9166666666610119
MA_QAOA          ,8 ,['random'  ,0.5]       ,1 ,  63 ,0.8636363636329432
MA_QAOA          ,8 ,['random'  ,0.5]       ,1 ,  64 ,0.9499999999970068
MA_QAOA          ,8 ,['random'  ,0.5]       ,1 ,  65 ,0.9499999999980311
MA_QAOA          ,8 ,['random'  ,0.5]       ,1 ,  66 ,0.9999999999977618
MA_QAOA          ,8 ,['random'  ,0.5]       ,1 ,  67 ,0.961538461534013
MA_QAOA          ,8 ,['random'  ,0.5]       ,1 ,  68 ,0.7797591153805399
MA_QAOA          ,8 ,['random'  ,0.5]       ,1 ,  69 ,0.8333333333305118
MA_QAOA          ,8 ,['random'  ,0.5]       ,1 ,  70 ,0.9999999999981855
MA_QAOA          ,8 ,['random'  ,0.5]       ,1 ,  71 ,0.9999999999955637
MA_QAOA          ,8 ,['random'  ,0.5]       ,1 ,  72 ,0.833333333327246
MA_QAOA          ,8 ,['random'  ,0.5]       ,1 ,  73 ,0.8706682062878077
MA_QAOA          ,8 ,['random'  ,0.5]       ,1 ,  74 ,0.9999999999949456
MA_QAOA          ,8 ,['random'  ,0.5]       ,1 ,  75 ,0.8333333333307017
MA_QAOA          ,8 ,['random'  ,0.5]       ,1 ,  76 ,0.9583333333294344
MA_QAOA          ,8 ,['random'  ,0.5]       ,1 ,  77 ,0.7916666666661469
MA_QAOA          ,8 ,['random'  ,0.5]       ,1 ,  78 ,0.9999999999982015
MA_QAOA          ,8 ,['random'  ,0.5]       ,1 ,  79 ,0.999999999999728
MA_QAOA          ,8 ,['random'  ,0.5]       ,1 ,  80 ,0.9499999999859984
MA_QAOA          ,8 ,['random'  ,0.5]       ,1 ,  81 ,0.9090909090905543
MA_QAOA          ,8 ,['random'  ,0.5]       ,1 ,  82 ,0.9230769230755249
MA_QAOA          ,8 ,['random'  ,0.5]       ,1 ,  83 ,0.8571428571411676
MA_QAOA          ,8 ,['random'  ,0.5]       ,1 ,  84 ,0.818181818181004
MA_QAOA          ,8 ,['random'  ,0.5]       ,1 ,  85 ,0.9444444444428759
MA_QAOA          ,8 ,['random'  ,0.5]       ,1 ,  86 ,0.8878917115293975
MA_QAOA          ,8 ,['random'  ,0.5]       ,1 ,  87 ,0.9545454545437052
MA_QAOA          ,8 ,['random'  ,0.5]       ,1 ,  88 ,0.8322455034823766
MA_QAOA          ,8 ,['random'  ,0.5]       ,1 ,  89 ,0.9999999999969463
MA_QAOA          ,8 ,['random'  ,0.5]       ,1 ,  90 ,0.9499999999978794
MA_QAOA          ,8 ,['random'  ,0.5]       ,1 ,  91 ,0.9444444444437387
MA_QAOA          ,8 ,['random'  ,0.5]       ,1 ,  92 ,0.8333333333329497
MA_QAOA          ,8 ,['random'  ,0.5]       ,1 ,  93 ,0.954545454543775
MA_QAOA          ,8 ,['random'  ,0.5]       ,1 ,  94 ,0.821428571428004
MA_QAOA          ,8 ,['random'  ,0.5]       ,1 ,  95 ,0.9499999999975189
MA_QAOA          ,8 ,['random'  ,0.5]       ,1 ,  96 ,0.9999999999988026
MA_QAOA          ,8 ,['random'  ,0.5]       ,1 ,  97 ,0.9545454545374377
MA_QAOA          ,8 ,['random'  ,0.5]       ,1 ,  98 ,0.9090909090708993
MA_QAOA          ,8 ,['random'  ,0.5]       ,1 ,  99 ,0.9230769230738016
select           ,8 ,['random'  ,0.5]       ,1 ,   0 ,0.8888888888851407
select           ,8 ,['random'  ,0.5]       ,1 ,   1 ,0.9166666666584836
select           ,8 ,['random'  ,0.5]       ,1 ,   2 ,0.7499999999985945
select           ,8 ,['random'  ,0.5]       ,1 ,   3 ,0.8499999999986507
select           ,8 ,['random'  ,0.5]       ,1 ,   4 ,0.9499999999773966
select           ,8 ,['random'  ,0.5]       ,1 ,   5 ,0.899999999995952
select           ,8 ,['random'  ,0.5]       ,1 ,   6 ,0.88888888888772
select           ,8 ,['random'  ,0.5]       ,1 ,   7 ,0.8214285714275942
select           ,8 ,['random'  ,0.5]       ,1 ,   8 ,0.8214285714278483
select           ,8 ,['random'  ,0.5]       ,1 ,   9 ,0.8181818181812045
select           ,8 ,['random'  ,0.5]       ,1 ,  10 ,0.8888888888872357
select           ,8 ,['random'  ,0.5]       ,1 ,  11 ,0.8181818181805915
select           ,8 ,['random'  ,0.5]       ,1 ,  12 ,0.95454545454027
select           ,8 ,['random'  ,0.5]       ,1 ,  13 ,0.8999999999983135
select           ,8 ,['random'  ,0.5]       ,1 ,  14 ,0.999999999852679
select           ,8 ,['random'  ,0.5]       ,1 ,  15 ,0.8999999999993241
select           ,8 ,['random'  ,0.5]       ,1 ,  16 ,0.8214285714275089
select           ,8 ,['random'  ,0.5]       ,1 ,  17 ,0.812499999998735
select           ,8 ,['random'  ,0.5]       ,1 ,  18 ,0.8333333333327709
select           ,8 ,['random'  ,0.5]       ,1 ,  19 ,0.8333333333324902
select           ,8 ,['random'  ,0.5]       ,1 ,  20 ,0.999999999994297
select           ,8 ,['random'  ,0.5]       ,1 ,  21 ,0.8181818181808983
select           ,8 ,['random'  ,0.5]       ,1 ,  22 ,0.8333333333314593
select           ,8 ,['random'  ,0.5]       ,1 ,  23 ,0.8999999999986509
select           ,8 ,['random'  ,0.5]       ,1 ,  24 ,0.8499999999986307
select           ,8 ,['random'  ,0.5]       ,1 ,  26 ,0.722222222221098
select           ,8 ,['random'  ,0.5]       ,1 ,  27 ,0.9444444444381078
select           ,8 ,['random'  ,0.5]       ,1 ,  28 ,0.9230769230600736
select           ,8 ,['random'  ,0.5]       ,1 ,  29 ,0.8749999999994374
select           ,8 ,['random'  ,0.5]       ,1 ,  30 ,0.9444444438471827
select           ,8 ,['random'  ,0.5]       ,1 ,  31 ,0.7499999999997591
select           ,8 ,['random'  ,0.5]       ,1 ,  32 ,0.833333333302844
select           ,8 ,['random'  ,0.5]       ,1 ,  33 ,0.9999999999978747
select           ,8 ,['random'  ,0.5]       ,1 ,  34 ,0.8888888888881389
select           ,8 ,['random'  ,0.5]       ,1 ,  35 ,0.9999999997736811
select           ,8 ,['random'  ,0.5]       ,1 ,  36 ,0.666666666665917
select           ,8 ,['random'  ,0.5]       ,1 ,  37 ,0.8333333333314593
select           ,8 ,['random'  ,0.5]       ,1 ,  38 ,0.7727272727266427
select           ,8 ,['random'  ,0.5]       ,1 ,  39 ,0.9615384608950553
select           ,8 ,['random'  ,0.5]       ,1 ,  40 ,0.8999999999983134
select           ,8 ,['random'  ,0.5]       ,1 ,  41 ,0.8333333333322085
select           ,8 ,['random'  ,0.5]       ,1 ,  42 ,0.8076923076910103
select           ,8 ,['random'  ,0.5]       ,1 ,  43 ,0.7727272727266594
select           ,8 ,['random'  ,0.5]       ,1 ,  44 ,0.8846153840333842
select           ,8 ,['random'  ,0.5]       ,1 ,  45 ,0.9999999995199464
select           ,8 ,['random'  ,0.5]       ,1 ,  46 ,0.9499999999959521
select           ,8 ,['random'  ,0.5]       ,1 ,  47 ,0.874999999984145
select           ,8 ,['random'  ,0.5]       ,1 ,  48 ,0.9583333324461797
select           ,8 ,['random'  ,0.5]       ,1 ,  49 ,0.8499999999993241
select           ,8 ,['random'  ,0.5]       ,1 ,  50 ,0.949999999994297
select           ,8 ,['random'  ,0.5]       ,1 ,  51 ,0.6999999999989882
select           ,8 ,['random'  ,0.5]       ,1 ,  52 ,0.9999987956711512
select           ,8 ,['random'  ,0.5]       ,1 ,  53 ,0.7999999999996626
select           ,8 ,['random'  ,0.5]       ,1 ,  54 ,0.7727272727260462
select           ,8 ,['random'  ,0.5]       ,1 ,  55 ,0.9444444438471827
select           ,8 ,['random'  ,0.5]       ,1 ,  57 ,0.7857142857133217
select           ,8 ,['random'  ,0.5]       ,1 ,  58 ,0.7916666666661044
select           ,8 ,['random'  ,0.5]       ,1 ,  59 ,0.6874999999991567
select           ,8 ,['random'  ,0.5]       ,1 ,  60 ,0.849999999999284
select           ,8 ,['random'  ,0.5]       ,1 ,  61 ,0.7916666666655422
select           ,8 ,['random'  ,0.5]       ,1 ,  62 ,0.79166666666579
select           ,8 ,['random'  ,0.5]       ,1 ,  63 ,0.8181818181808981
select           ,8 ,['random'  ,0.5]       ,1 ,  64 ,0.8999999999993241
select           ,8 ,['random'  ,0.5]       ,1 ,  65 ,0.7499999999993253
select           ,8 ,['random'  ,0.5]       ,1 ,  66 ,0.9499999999983133
select           ,8 ,['random'  ,0.5]       ,1 ,  67 ,0.999999999749241
select           ,8 ,['random'  ,0.5]       ,1 ,  68 ,0.7272727272715008
select           ,8 ,['random'  ,0.5]       ,1 ,  69 ,0.8333333333299601
select           ,8 ,['random'  ,0.5]       ,1 ,  70 ,0.8749999999994374
select           ,8 ,['random'  ,0.5]       ,1 ,  71 ,0.9545454545422313
select           ,8 ,['random'  ,0.5]       ,1 ,  72 ,0.7916666666654266
select           ,8 ,['random'  ,0.5]       ,1 ,  73 ,0.8636363636350111
select           ,8 ,['random'  ,0.5]       ,1 ,  74 ,0.8999999999986509
select           ,8 ,['random'  ,0.5]       ,1 ,  75 ,0.7916666666655422
select           ,8 ,['random'  ,0.5]       ,1 ,  76 ,0.83333333333277
select           ,8 ,['random'  ,0.5]       ,1 ,  77 ,0.7916666666652611
select           ,8 ,['random'  ,0.5]       ,1 ,  78 ,0.9166666665366745
select           ,8 ,['random'  ,0.5]       ,1 ,  79 ,0.9999999998335204
select           ,8 ,['random'  ,0.5]       ,1 ,  80 ,0.9499999999986297
select           ,8 ,['random'  ,0.5]       ,1 ,  81 ,0.9090909090895565
select           ,8 ,['random'  ,0.5]       ,1 ,  82 ,0.807692307691529
select           ,8 ,['random'  ,0.5]       ,1 ,  83 ,0.8214285714260389
select           ,8 ,['random'  ,0.5]       ,1 ,  84 ,0.7272727272718075
select           ,8 ,['random'  ,0.5]       ,1 ,  86 ,0.8333333333324897
select           ,8 ,['random'  ,0.5]       ,1 ,  87 ,0.863636363635137
select           ,8 ,['random'  ,0.5]       ,1 ,  88 ,0.7272727272718075
select           ,8 ,['random'  ,0.5]       ,1 ,  89 ,0.9090909090137118
select           ,8 ,['random'  ,0.5]       ,1 ,  90 ,0.9499999998467296
select           ,8 ,['random'  ,0.5]       ,1 ,  91 ,0.7777777777770282
select           ,8 ,['random'  ,0.5]       ,1 ,  93 ,0.9090909090893757
select           ,8 ,['random'  ,0.5]       ,1 ,  94 ,0.8214285714129256
select           ,8 ,['random'  ,0.5]       ,1 ,  95 ,0.7499999999993253
select           ,8 ,['random'  ,0.5]       ,1 ,  96 ,0.9999999998756608
select           ,8 ,['random'  ,0.5]       ,1 ,  97 ,0.863636363635137
select           ,8 ,['random'  ,0.5]       ,1 ,  98 ,0.8181818181808983
select           ,8 ,['random'  ,0.5]       ,1 ,  99 ,0.8076923076641637
standard_QAOA    ,8 ,['random'  ,0.5]       ,1 ,   0 ,0.8381858256774876
standard_QAOA    ,8 ,['random'  ,0.5]       ,1 ,   1 ,0.8617861264975989
standard_QAOA    ,8 ,['random'  ,0.5]       ,1 ,   2 ,0.6969387769673719
standard_QAOA    ,8 ,['random'  ,0.5]       ,1 ,   3 ,0.8395513090780721
standard_QAOA    ,8 ,['random'  ,0.5]       ,1 ,   4 ,0.8650326521698437
standard_QAOA    ,8 ,['random'  ,0.5]       ,1 ,   5 ,0.7828376338035614
standard_QAOA    ,8 ,['random'  ,0.5]       ,1 ,   6 ,0.860734559108534
standard_QAOA    ,8 ,['random'  ,0.5]       ,1 ,   7 ,0.7737261731215915
standard_QAOA    ,8 ,['random'  ,0.5]       ,1 ,   8 ,0.810653354686737
standard_QAOA    ,8 ,['random'  ,0.5]       ,1 ,   9 ,0.7876700946655297
standard_QAOA    ,8 ,['random'  ,0.5]       ,1 ,  10 ,0.8132217438938587
standard_QAOA    ,8 ,['random'  ,0.5]       ,1 ,  11 ,0.7859875587130442
standard_QAOA    ,8 ,['random'  ,0.5]       ,1 ,  12 ,0.8243341697502437
standard_QAOA    ,8 ,['random'  ,0.5]       ,1 ,  13 ,0.8286959908814058
standard_QAOA    ,8 ,['random'  ,0.5]       ,1 ,  14 ,0.8443148529632598
standard_QAOA    ,8 ,['random'  ,0.5]       ,1 ,  15 ,0.8713145562761531
standard_QAOA    ,8 ,['random'  ,0.5]       ,1 ,  16 ,0.7815058098643172
standard_QAOA    ,8 ,['random'  ,0.5]       ,1 ,  17 ,0.8209264170719355
standard_QAOA    ,8 ,['random'  ,0.5]       ,1 ,  18 ,0.8200511348293994
standard_QAOA    ,8 ,['random'  ,0.5]       ,1 ,  19 ,0.8397168248117217
standard_QAOA    ,8 ,['random'  ,0.5]       ,1 ,  20 ,0.8710446445504403
standard_QAOA    ,8 ,['random'  ,0.5]       ,1 ,  21 ,0.8306558162982753
standard_QAOA    ,8 ,['random'  ,0.5]       ,1 ,  22 ,0.7616775332454099
standard_QAOA    ,8 ,['random'  ,0.5]       ,1 ,  23 ,0.8739698573023542
standard_QAOA    ,8 ,['random'  ,0.5]       ,1 ,  24 ,0.7695823894989315
standard_QAOA    ,8 ,['random'  ,0.5]       ,1 ,  25 ,0.8944324859491594
standard_QAOA    ,8 ,['random'  ,0.5]       ,1 ,  26 ,0.741436858792696
standard_QAOA    ,8 ,['random'  ,0.5]       ,1 ,  27 ,0.7990018876867191
standard_QAOA    ,8 ,['random'  ,0.5]       ,1 ,  28 ,0.8652007695965581
standard_QAOA    ,8 ,['random'  ,0.5]       ,1 ,  29 ,0.860710828762202
standard_QAOA    ,8 ,['random'  ,0.5]       ,1 ,  30 ,0.8164567491005612
standard_QAOA    ,8 ,['random'  ,0.5]       ,1 ,  31 ,0.7704945343994872
standard_QAOA    ,8 ,['random'  ,0.5]       ,1 ,  32 ,0.7723464016032889
standard_QAOA    ,8 ,['random'  ,0.5]       ,1 ,  33 ,0.8629554544657688
standard_QAOA    ,8 ,['random'  ,0.5]       ,1 ,  34 ,0.8360870984378563
standard_QAOA    ,8 ,['random'  ,0.5]       ,1 ,  35 ,0.8054669167469017
standard_QAOA    ,8 ,['random'  ,0.5]       ,1 ,  36 ,0.7457586791491947
standard_QAOA    ,8 ,['random'  ,0.5]       ,1 ,  37 ,0.7606218437803203
standard_QAOA    ,8 ,['random'  ,0.5]       ,1 ,  38 ,0.8114267720437297
standard_QAOA    ,8 ,['random'  ,0.5]       ,1 ,  39 ,0.8646716375404966
standard_QAOA    ,8 ,['random'  ,0.5]       ,1 ,  40 ,0.8252275911456202
standard_QAOA    ,8 ,['random'  ,0.5]       ,1 ,  41 ,0.7982275808252258
standard_QAOA    ,8 ,['random'  ,0.5]       ,1 ,  42 ,0.7675467790256689
standard_QAOA    ,8 ,['random'  ,0.5]       ,1 ,  43 ,0.8368290809385059
standard_QAOA    ,8 ,['random'  ,0.5]       ,1 ,  44 ,0.7983580657241254
standard_QAOA    ,8 ,['random'  ,0.5]       ,1 ,  45 ,0.8257568967493181
standard_QAOA    ,8 ,['random'  ,0.5]       ,1 ,  46 ,0.8378257656082884
standard_QAOA    ,8 ,['random'  ,0.5]       ,1 ,  47 ,0.808883345515239
standard_QAOA    ,8 ,['random'  ,0.5]       ,1 ,  48 ,0.8610298734686738
standard_QAOA    ,8 ,['random'  ,0.5]       ,1 ,  49 ,0.8250238697736115
standard_QAOA    ,8 ,['random'  ,0.5]       ,1 ,  50 ,0.8176082470491532
standard_QAOA    ,8 ,['random'  ,0.5]       ,1 ,  51 ,0.7211147151022803
standard_QAOA    ,8 ,['random'  ,0.5]       ,1 ,  52 ,0.7739552818829911
standard_QAOA    ,8 ,['random'  ,0.5]       ,1 ,  53 ,0.8083239329642348
standard_QAOA    ,8 ,['random'  ,0.5]       ,1 ,  54 ,0.7531125810167875
standard_QAOA    ,8 ,['random'  ,0.5]       ,1 ,  55 ,0.8018021305996673
standard_QAOA    ,8 ,['random'  ,0.5]       ,1 ,  56 ,0.7899082381140403
standard_QAOA    ,8 ,['random'  ,0.5]       ,1 ,  57 ,0.8040996973995712
standard_QAOA    ,8 ,['random'  ,0.5]       ,1 ,  58 ,0.794265110346184
standard_QAOA    ,8 ,['random'  ,0.5]       ,1 ,  59 ,0.7591363892460579
standard_QAOA    ,8 ,['random'  ,0.5]       ,1 ,  60 ,0.8172789830466218
standard_QAOA    ,8 ,['random'  ,0.5]       ,1 ,  61 ,0.7804891245184918
standard_QAOA    ,8 ,['random'  ,0.5]       ,1 ,  62 ,0.7864978148183361
standard_QAOA    ,8 ,['random'  ,0.5]       ,1 ,  63 ,0.7927028600402953
standard_QAOA    ,8 ,['random'  ,0.5]       ,1 ,  64 ,0.8733151554347988
standard_QAOA    ,8 ,['random'  ,0.5]       ,1 ,  65 ,0.817777497371748
standard_QAOA    ,8 ,['random'  ,0.5]       ,1 ,  66 ,0.867257476486823
standard_QAOA    ,8 ,['random'  ,0.5]       ,1 ,  67 ,0.7851711276159944
standard_QAOA    ,8 ,['random'  ,0.5]       ,1 ,  68 ,0.7232738767313898
standard_QAOA    ,8 ,['random'  ,0.5]       ,1 ,  69 ,0.7474903092162862
standard_QAOA    ,8 ,['random'  ,0.5]       ,1 ,  70 ,0.861739803634293
standard_QAOA    ,8 ,['random'  ,0.5]       ,1 ,  71 ,0.887437704293884
standard_QAOA    ,8 ,['random'  ,0.5]       ,1 ,  72 ,0.7498739155693895
standard_QAOA    ,8 ,['random'  ,0.5]       ,1 ,  73 ,0.8076118445252646
standard_QAOA    ,8 ,['random'  ,0.5]       ,1 ,  74 ,0.8653431572849855
standard_QAOA    ,8 ,['random'  ,0.5]       ,1 ,  75 ,0.7930795486595329
standard_QAOA    ,8 ,['random'  ,0.5]       ,1 ,  76 ,0.7977487565002699
standard_QAOA    ,8 ,['random'  ,0.5]       ,1 ,  77 ,0.7435815564829773
standard_QAOA    ,8 ,['random'  ,0.5]       ,1 ,  78 ,0.7930884904606527
standard_QAOA    ,8 ,['random'  ,0.5]       ,1 ,  79 ,0.8759325437785483
standard_QAOA    ,8 ,['random'  ,0.5]       ,1 ,  80 ,0.8646084427859172
standard_QAOA    ,8 ,['random'  ,0.5]       ,1 ,  81 ,0.8503647678831316
standard_QAOA    ,8 ,['random'  ,0.5]       ,1 ,  82 ,0.7896809809046126
standard_QAOA    ,8 ,['random'  ,0.5]       ,1 ,  83 ,0.7811288024909768
standard_QAOA    ,8 ,['random'  ,0.5]       ,1 ,  84 ,0.7447241862721602
standard_QAOA    ,8 ,['random'  ,0.5]       ,1 ,  85 ,0.843269245036352
standard_QAOA    ,8 ,['random'  ,0.5]       ,1 ,  86 ,0.8147566605645702
standard_QAOA    ,8 ,['random'  ,0.5]       ,1 ,  87 ,0.8446814894767585
standard_QAOA    ,8 ,['random'  ,0.5]       ,1 ,  88 ,0.7572201787829584
standard_QAOA    ,8 ,['random'  ,0.5]       ,1 ,  89 ,0.8519068511254115
standard_QAOA    ,8 ,['random'  ,0.5]       ,1 ,  90 ,0.8809192899075965
standard_QAOA    ,8 ,['random'  ,0.5]       ,1 ,  91 ,0.8295919112747685
standard_QAOA    ,8 ,['random'  ,0.5]       ,1 ,  92 ,0.7438549125276586
standard_QAOA    ,8 ,['random'  ,0.5]       ,1 ,  93 ,0.8506227970411676
standard_QAOA    ,8 ,['random'  ,0.5]       ,1 ,  94 ,0.7775708564446744
standard_QAOA    ,8 ,['random'  ,0.5]       ,1 ,  95 ,0.8307369185652727
standard_QAOA    ,8 ,['random'  ,0.5]       ,1 ,  96 ,0.8827168041487837
standard_QAOA    ,8 ,['random'  ,0.5]       ,1 ,  97 ,0.8454250653449147
standard_QAOA    ,8 ,['random'  ,0.5]       ,1 ,  98 ,0.8256677433524622
standard_QAOA    ,8 ,['random'  ,0.5]       ,1 ,  99 ,0.756048999048956
standard_QAOA    ,8 ,['random'  ,0.5]       ,2 ,   0 ,0.9137207380537578
standard_QAOA    ,8 ,['random'  ,0.5]       ,2 ,   1 ,0.9285386424694045
standard_QAOA    ,8 ,['random'  ,0.5]       ,2 ,   2 ,0.8053283551102138
standard_QAOA    ,8 ,['random'  ,0.5]       ,2 ,   3 ,0.9309974673712695
standard_QAOA    ,8 ,['random'  ,0.5]       ,2 ,   4 ,0.9090448355424957
standard_QAOA    ,8 ,['random'  ,0.5]       ,2 ,   5 ,0.8618439342761981
standard_QAOA    ,8 ,['random'  ,0.5]       ,2 ,   6 ,0.9089138727944825
standard_QAOA    ,8 ,['random'  ,0.5]       ,2 ,   7 ,0.8415906063686117
standard_QAOA    ,8 ,['random'  ,0.5]       ,2 ,   8 ,0.8652572994748281
standard_QAOA    ,8 ,['random'  ,0.5]       ,2 ,   9 ,0.847773600411547
standard_QAOA    ,8 ,['random'  ,0.5]       ,2 ,  10 ,0.8837863026336987
standard_QAOA    ,8 ,['random'  ,0.5]       ,2 ,  11 ,0.852707938333883
standard_QAOA    ,8 ,['random'  ,0.5]       ,2 ,  12 ,0.8751846863408835
standard_QAOA    ,8 ,['random'  ,0.5]       ,2 ,  13 ,0.8978341491244233
standard_QAOA    ,8 ,['random'  ,0.5]       ,2 ,  14 ,0.9085560312696618
standard_QAOA    ,8 ,['random'  ,0.5]       ,2 ,  15 ,0.9233496979797738
standard_QAOA    ,8 ,['random'  ,0.5]       ,2 ,  16 ,0.8675968763550895
standard_QAOA    ,8 ,['random'  ,0.5]       ,2 ,  17 ,0.8929582604004374
standard_QAOA    ,8 ,['random'  ,0.5]       ,2 ,  18 ,0.880432524964407
standard_QAOA    ,8 ,['random'  ,0.5]       ,2 ,  19 ,0.8865120525368247
standard_QAOA    ,8 ,['random'  ,0.5]       ,2 ,  20 ,0.9174000973232854
standard_QAOA    ,8 ,['random'  ,0.5]       ,2 ,  21 ,0.8866950137259988
standard_QAOA    ,8 ,['random'  ,0.5]       ,2 ,  22 ,0.8483634370583599
standard_QAOA    ,8 ,['random'  ,0.5]       ,2 ,  23 ,0.9308135963927366
standard_QAOA    ,8 ,['random'  ,0.5]       ,2 ,  24 ,0.7705412081817427
standard_QAOA    ,8 ,['random'  ,0.5]       ,2 ,  25 ,0.9345418291123561
standard_QAOA    ,8 ,['random'  ,0.5]       ,2 ,  26 ,0.8333241358454546
standard_QAOA    ,8 ,['random'  ,0.5]       ,2 ,  27 ,0.8787030644944578
standard_QAOA    ,8 ,['random'  ,0.5]       ,2 ,  28 ,0.9154808078670759
standard_QAOA    ,8 ,['random'  ,0.5]       ,2 ,  29 ,0.9125646177719271
standard_QAOA    ,8 ,['random'  ,0.5]       ,2 ,  30 ,0.8930528754815216
standard_QAOA    ,8 ,['random'  ,0.5]       ,2 ,  31 ,0.8356877659833738
standard_QAOA    ,8 ,['random'  ,0.5]       ,2 ,  32 ,0.836690782873279
standard_QAOA    ,8 ,['random'  ,0.5]       ,2 ,  33 ,0.9276413193005043
standard_QAOA    ,8 ,['random'  ,0.5]       ,2 ,  34 ,0.8752215097819407
standard_QAOA    ,8 ,['random'  ,0.5]       ,2 ,  35 ,0.8734183395004498
standard_QAOA    ,8 ,['random'  ,0.5]       ,2 ,  36 ,0.8386824162226125
standard_QAOA    ,8 ,['random'  ,0.5]       ,2 ,  37 ,0.8486125594779558
standard_QAOA    ,8 ,['random'  ,0.5]       ,2 ,  38 ,0.8668096813157834
standard_QAOA    ,8 ,['random'  ,0.5]       ,2 ,  39 ,0.9180847286189789
standard_QAOA    ,8 ,['random'  ,0.5]       ,2 ,  40 ,0.886808304815127
standard_QAOA    ,8 ,['random'  ,0.5]       ,2 ,  41 ,0.8614159866245623
standard_QAOA    ,8 ,['random'  ,0.5]       ,2 ,  42 ,0.8541048252090818
standard_QAOA    ,8 ,['random'  ,0.5]       ,2 ,  43 ,0.8960895364770397
standard_QAOA    ,8 ,['random'  ,0.5]       ,2 ,  44 ,0.8749174757019801
standard_QAOA    ,8 ,['random'  ,0.5]       ,2 ,  45 ,0.8751082435226759
standard_QAOA    ,8 ,['random'  ,0.5]       ,2 ,  46 ,0.9089507812508989
standard_QAOA    ,8 ,['random'  ,0.5]       ,2 ,  47 ,0.8662724205366418
standard_QAOA    ,8 ,['random'  ,0.5]       ,2 ,  48 ,0.9167768630711843
standard_QAOA    ,8 ,['random'  ,0.5]       ,2 ,  49 ,0.8763996402913812
standard_QAOA    ,8 ,['random'  ,0.5]       ,2 ,  50 ,0.86945743803531
standard_QAOA    ,8 ,['random'  ,0.5]       ,2 ,  51 ,0.8180460690429555
standard_QAOA    ,8 ,['random'  ,0.5]       ,2 ,  52 ,0.8425513514550439
standard_QAOA    ,8 ,['random'  ,0.5]       ,2 ,  53 ,0.8515744609508136
standard_QAOA    ,8 ,['random'  ,0.5]       ,2 ,  54 ,0.8411929062858033
standard_QAOA    ,8 ,['random'  ,0.5]       ,2 ,  55 ,0.8622989137675781
standard_QAOA    ,8 ,['random'  ,0.5]       ,2 ,  56 ,0.8392366230152053
standard_QAOA    ,8 ,['random'  ,0.5]       ,2 ,  57 ,0.8769534971266094
standard_QAOA    ,8 ,['random'  ,0.5]       ,2 ,  58 ,0.8400238402274932
standard_QAOA    ,8 ,['random'  ,0.5]       ,2 ,  59 ,0.8255370121982306
standard_QAOA    ,8 ,['random'  ,0.5]       ,2 ,  60 ,0.8753987712173934
standard_QAOA    ,8 ,['random'  ,0.5]       ,2 ,  61 ,0.8483428332559159
standard_QAOA    ,8 ,['random'  ,0.5]       ,2 ,  62 ,0.8644592555021688
standard_QAOA    ,8 ,['random'  ,0.5]       ,2 ,  63 ,0.8712288577463405
standard_QAOA    ,8 ,['random'  ,0.5]       ,2 ,  64 ,0.9262263681502356
standard_QAOA    ,8 ,['random'  ,0.5]       ,2 ,  65 ,0.882249732326466
standard_QAOA    ,8 ,['random'  ,0.5]       ,2 ,  66 ,0.9187494786054909
standard_QAOA    ,8 ,['random'  ,0.5]       ,2 ,  67 ,0.8468278403549048
standard_QAOA    ,8 ,['random'  ,0.5]       ,2 ,  68 ,0.8406687137701655
standard_QAOA    ,8 ,['random'  ,0.5]       ,2 ,  69 ,0.8398990875658475
standard_QAOA    ,8 ,['random'  ,0.5]       ,2 ,  70 ,0.9225707710775533
standard_QAOA    ,8 ,['random'  ,0.5]       ,2 ,  71 ,0.9383206435630546
standard_QAOA    ,8 ,['random'  ,0.5]       ,2 ,  72 ,0.8400790810304773
standard_QAOA    ,8 ,['random'  ,0.5]       ,2 ,  73 ,0.8253023715446841
standard_QAOA    ,8 ,['random'  ,0.5]       ,2 ,  74 ,0.931706559525518
standard_QAOA    ,8 ,['random'  ,0.5]       ,2 ,  75 ,0.891744084317932
standard_QAOA    ,8 ,['random'  ,0.5]       ,2 ,  76 ,0.8504794759773634
standard_QAOA    ,8 ,['random'  ,0.5]       ,2 ,  77 ,0.8336940411191862
standard_QAOA    ,8 ,['random'  ,0.5]       ,2 ,  78 ,0.8421236174219882
standard_QAOA    ,8 ,['random'  ,0.5]       ,2 ,  79 ,0.9282424372190002
standard_QAOA    ,8 ,['random'  ,0.5]       ,2 ,  80 ,0.915167926163018
standard_QAOA    ,8 ,['random'  ,0.5]       ,2 ,  81 ,0.9211468640824699
standard_QAOA    ,8 ,['random'  ,0.5]       ,2 ,  82 ,0.8474734023565484
standard_QAOA    ,8 ,['random'  ,0.5]       ,2 ,  83 ,0.8604514001980768
standard_QAOA    ,8 ,['random'  ,0.5]       ,2 ,  84 ,0.8144849613217637
standard_QAOA    ,8 ,['random'  ,0.5]       ,2 ,  85 ,0.9118614978955285
standard_QAOA    ,8 ,['random'  ,0.5]       ,2 ,  86 ,0.873477784876569
standard_QAOA    ,8 ,['random'  ,0.5]       ,2 ,  87 ,0.9040624220945186
standard_QAOA    ,8 ,['random'  ,0.5]       ,2 ,  88 ,0.8692356334779686
standard_QAOA    ,8 ,['random'  ,0.5]       ,2 ,  89 ,0.920438817674582
standard_QAOA    ,8 ,['random'  ,0.5]       ,2 ,  90 ,0.9410197385237444
standard_QAOA    ,8 ,['random'  ,0.5]       ,2 ,  91 ,0.8924288942934321
standard_QAOA    ,8 ,['random'  ,0.5]       ,2 ,  92 ,0.8336058956366189
standard_QAOA    ,8 ,['random'  ,0.5]       ,2 ,  93 ,0.9193117960748673
standard_QAOA    ,8 ,['random'  ,0.5]       ,2 ,  94 ,0.8403819324750764
standard_QAOA    ,8 ,['random'  ,0.5]       ,2 ,  95 ,0.9039496149246216
standard_QAOA    ,8 ,['random'  ,0.5]       ,2 ,  96 ,0.9204340873484841
standard_QAOA    ,8 ,['random'  ,0.5]       ,2 ,  97 ,0.9124687384718254
standard_QAOA    ,8 ,['random'  ,0.5]       ,2 ,  98 ,0.8764758278030791
standard_QAOA    ,8 ,['random'  ,0.5]       ,2 ,  99 ,0.83133965025534MA_QAOA ,2 ,
heuristic_select ,8 ,['random'  ,0.5]       ,1 ,   0 ,0.8888888882245034
heuristic_select ,8 ,['random'  ,0.5]       ,1 ,   1 ,0.9999999943066209
heuristic_select ,8 ,['random'  ,0.5]       ,1 ,   2 ,0.7499999993000745
heuristic_select ,8 ,['random'  ,0.5]       ,1 ,   3 ,0.8571739446309546
heuristic_select ,8 ,['random'  ,0.5]       ,1 ,   4 ,0.9494440239983891
heuristic_select ,8 ,['random'  ,0.5]       ,1 ,   5 ,0.899687594177634
heuristic_select ,8 ,['random'  ,0.5]       ,1 ,   6 ,0.8888888888832045
heuristic_select ,8 ,['random'  ,0.5]       ,1 ,   7 ,0.8214285713864656
heuristic_select ,8 ,['random'  ,0.5]       ,1 ,   8 ,0.8214285710399297
heuristic_select ,8 ,['random'  ,0.5]       ,1 ,   9 ,0.8181818181618222
heuristic_select ,8 ,['random'  ,0.5]       ,1 ,  10 ,0.888888884636746
heuristic_select ,8 ,['random'  ,0.5]       ,1 ,  11 ,0.8445527996736967
heuristic_select ,8 ,['random'  ,0.5]       ,1 ,  12 ,0.9545407859679816
heuristic_select ,8 ,['random'  ,0.5]       ,1 ,  13 ,0.8999999992523495
heuristic_select ,8 ,['random'  ,0.5]       ,1 ,  14 ,0.9831245150617314
heuristic_select ,8 ,['random'  ,0.5]       ,1 ,  15 ,0.899999999988507
heuristic_select ,8 ,['random'  ,0.5]       ,1 ,  16 ,0.8214285713707363
heuristic_select ,8 ,['random'  ,0.5]       ,1 ,  17 ,0.8816851318746743
heuristic_select ,8 ,['random'  ,0.5]       ,1 ,  18 ,0.8333333333260925
heuristic_select ,8 ,['random'  ,0.5]       ,1 ,  19 ,0.9166500739642934
heuristic_select ,8 ,['random'  ,0.5]       ,1 ,  20 ,0.9999967649622942
heuristic_select ,8 ,['random'  ,0.5]       ,1 ,  21 ,0.8636363635126304
heuristic_select ,8 ,['random'  ,0.5]       ,1 ,  22 ,0.8333333330782655
heuristic_select ,8 ,['random'  ,0.5]       ,1 ,  23 ,0.9499630903503548
heuristic_select ,8 ,['random'  ,0.5]       ,1 ,  24 ,0.8499999999841601
heuristic_select ,8 ,['random'  ,0.5]       ,1 ,  26 ,0.8333333332092252
heuristic_select ,8 ,['random'  ,0.5]       ,1 ,  27 ,0.9444346943157562
heuristic_select ,8 ,['random'  ,0.5]       ,1 ,  28 ,0.9230769230577305
heuristic_select ,8 ,['random'  ,0.5]       ,1 ,  29 ,0.8749999999878426
heuristic_select ,8 ,['random'  ,0.5]       ,1 ,   0 ,0.9999999556017103
heuristic_select ,8 ,['random'  ,0.5]       ,1 ,   1 ,0.9998696919899541
heuristic_select ,8 ,['random'  ,0.5]       ,1 ,   2 ,0.9119951013495244
heuristic_select ,8 ,['random'  ,0.5]       ,1 ,   3 ,0.9999616720491045
heuristic_select ,8 ,['random'  ,0.5]       ,1 ,   4 ,0.9983228213325201
heuristic_select ,8 ,['random'  ,0.5]       ,1 ,   5 ,0.9868867777069873
heuristic_select ,8 ,['random'  ,0.5]       ,1 ,   6 ,0.9999992950013059
heuristic_select ,8 ,['random'  ,0.5]       ,1 ,   7 ,0.9753867526336718
heuristic_select ,8 ,['random'  ,0.5]       ,1 ,   8 ,0.9667476795260951
heuristic_select ,8 ,['random'  ,0.5]       ,1 ,   9 ,0.9067831490016164
heuristic_select ,8 ,['random'  ,0.5]       ,1 ,  10 ,0.9950459441833073
heuristic_select ,8 ,['random'  ,0.5]       ,1 ,  11 ,0.9086789652982742
heuristic_select ,8 ,['random'  ,0.5]       ,1 ,  12 ,0.9999999998566111
heuristic_select ,8 ,['random'  ,0.5]       ,1 ,  13 ,0.9992675957137165
heuristic_select ,8 ,['random'  ,0.5]       ,1 ,  14 ,0.9542897541266345
heuristic_select ,8 ,['random'  ,0.5]       ,1 ,  15 ,0.9997454878394197
heuristic_select ,8 ,['random'  ,0.5]       ,1 ,  16 ,0.9923494953678996
heuristic_select ,8 ,['random'  ,0.5]       ,1 ,  17 ,0.974035974912894
heuristic_select ,8 ,['random'  ,0.5]       ,1 ,  18 ,0.9443412656378024
heuristic_select ,8 ,['random'  ,0.5]       ,1 ,  19 ,0.982165932793332
heuristic_select ,8 ,['random'  ,0.5]       ,1 ,  20 ,0.9888289469959901
heuristic_select ,8 ,['random'  ,0.5]       ,1 ,  21 ,0.9735993231132446
heuristic_select ,8 ,['random'  ,0.5]       ,1 ,  22 ,0.96125763285209
heuristic_select ,8 ,['random'  ,0.5]       ,1 ,  23 ,0.9963887010776297
heuristic_select ,8 ,['random'  ,0.5]       ,1 ,  24 ,0.9844615210791711
heuristic_select ,8 ,['random'  ,0.5]       ,1 ,  26 ,0.9877954604670935
heuristic_select ,8 ,['random'  ,0.5]       ,1 ,  27 ,0.9476708523951104
heuristic_select ,8 ,['random'  ,0.5]       ,1 ,  28 ,0.9999445168844758
heuristic_select ,8 ,['random'  ,0.5]       ,1 ,  29 ,0.9984729695677442
heuristic_select ,8 ,['random'  ,0.5]       ,1 ,  30 ,0.8887325015380504
heuristic_select ,8 ,['random'  ,0.5]       ,1 ,  31 ,0.9163992155032094
heuristic_select ,8 ,['random'  ,0.5]       ,1 ,  32 ,0.982942259261376
heuristic_select ,8 ,['random'  ,0.5]       ,1 ,  33 ,0.9999787938533845
heuristic_select ,8 ,['random'  ,0.5]       ,1 ,  34 ,0.9668826744508203
heuristic_select ,8 ,['random'  ,0.5]       ,1 ,  35 ,0.9983246713439801
heuristic_select ,8 ,['random'  ,0.5]       ,1 ,  36 ,0.9377309881247885
heuristic_select ,8 ,['random'  ,0.5]       ,1 ,  37 ,0.9986870342189403
heuristic_select ,8 ,['random'  ,0.5]       ,1 ,  38 ,0.9078818962703533
heuristic_select ,8 ,['random'  ,0.5]       ,1 ,  39 ,0.9916278751769366
heuristic_select ,8 ,['random'  ,0.5]       ,1 ,  40 ,0.9999769073588242
heuristic_select ,8 ,['random'  ,0.5]       ,1 ,  41 ,0.9999573981891968
heuristic_select ,8 ,['random'  ,0.5]       ,1 ,  42 ,0.9713502726718632
heuristic_select ,8 ,['random'  ,0.5]       ,1 ,  43 ,0.9912504030798179
heuristic_select ,8 ,['random'  ,0.5]       ,1 ,  44 ,0.9989801420160332
heuristic_select ,8 ,['random'  ,0.5]       ,1 ,  45 ,0.9213240958045206
heuristic_select ,8 ,['random'  ,0.5]       ,1 ,  46 ,0.8686934417566945
heuristic_select ,8 ,['random'  ,0.5]       ,1 ,  47 ,0.9999970935799389
heuristic_select ,8 ,['random'  ,0.5]       ,1 ,  48 ,0.9997454069923045
heuristic_select ,8 ,['random'  ,0.5]       ,1 ,  49 ,0.9998388470337446
heuristic_select ,8 ,['random'  ,0.5]       ,1 ,  50 ,0.9060540654494915
heuristic_select ,8 ,['random'  ,0.5]       ,1 ,  51 ,0.9803193241466437
heuristic_select ,8 ,['random'  ,0.5]       ,1 ,  52 ,0.9818585149218905
heuristic_select ,8 ,['random'  ,0.5]       ,1 ,  53 ,0.8996810680999179
heuristic_select ,8 ,['random'  ,0.5]       ,1 ,  54 ,0.909090900725549
heuristic_select ,8 ,['random'  ,0.5]       ,1 ,  55 ,0.9970832282731433
heuristic_select ,8 ,['random'  ,0.5]       ,1 ,  57 ,0.9997277246408639
heuristic_select ,8 ,['random'  ,0.5]       ,1 ,  58 ,0.9711728168775716
heuristic_select ,8 ,['random'  ,0.5]       ,1 ,  59 ,0.9939038566029366
heuristic_select ,8 ,['random'  ,0.5]       ,1 ,  60 ,0.8999999997272579
heuristic_select ,8 ,['random'  ,0.5]       ,1 ,  61 ,0.9636213014126405
heuristic_select ,8 ,['random'  ,0.5]       ,1 ,  62 ,0.9877541712046494
heuristic_select ,8 ,['random'  ,0.5]       ,1 ,  63 ,0.9955236040168284
heuristic_select ,8 ,['random'  ,0.5]       ,1 ,  64 ,0.9999999997415554
heuristic_select ,8 ,['random'  ,0.5]       ,1 ,  65 ,0.999107339741611
heuristic_select ,8 ,['random'  ,0.5]       ,1 ,  66 ,0.9999956353780461
heuristic_select ,8 ,['random'  ,0.5]       ,1 ,  67 ,0.9227476631159933
heuristic_select ,8 ,['random'  ,0.5]       ,1 ,  68 ,0.9636865384443083
heuristic_select ,8 ,['random'  ,0.5]       ,1 ,  69 ,0.9914686806744323
heuristic_select ,8 ,['random'  ,0.5]       ,1 ,  70 ,0.9982820840957914
heuristic_select ,8 ,['random'  ,0.5]       ,1 ,  71 ,0.9987411625796199
heuristic_select ,8 ,['random'  ,0.5]       ,1 ,  72 ,0.9752696673617246
heuristic_select ,8 ,['random'  ,0.5]       ,1 ,  73 ,0.8719541039406832
heuristic_select ,8 ,['random'  ,0.5]       ,1 ,  74 ,0.9905547236473762
heuristic_select ,8 ,['random'  ,0.5]       ,1 ,  75 ,0.9569315623733076
heuristic_select ,8 ,['random'  ,0.5]       ,1 ,  76 ,0.9925570046947065
heuristic_select ,8 ,['random'  ,0.5]       ,1 ,  77 ,0.8333333319187607
